split,sentiment,count,pct
test,negative,1406,0.5475077881619937
test,neutral,166,0.0646417445482866
test,positive,996,0.3878504672897196
train,negative,26616,0.5758546083946343
train,neutral,2971,0.06427953266983989
train,positive,16633,0.35986585893552575
validation,negative,1490,0.5802180685358256
validation,neutral,175,0.06814641744548286
validation,positive,903,0.3516355140186916
